Customer ID,Number of Dependents,Annual Income,Credit Score,Loan Amount,Loan Term,Marital Status_Divorced,Marital Status_Married,Marital Status_Single,Education_Bachelor's,Education_High School,Education_Master's,Education_PhD,Education_Some College,Employment Status_Employed,Employment Status_Self-employed,Employment Status_Unemployed,Loan Approval
3114,0,113939,668,8723,15,0,True,False,0,False,True,False,False,0,False,False,0
1356,2,51863,688,16711,5,0,True,False,0,False,False,False,True,0,False,True,0
5447,1,153930,793,45293,10,0,False,True,0,False,False,False,False,0,True,False,1
7016,4,90885,641,48956,20,0,False,True,0,False,True,False,False,0,True,False,0
2896,2,162431,672,3964,25,0,True,False,0,False,False,False,False,0,False,True,0
1992,1,146324,542,44649,10,0,False,False,0,False,False,True,False,0,True,False,0
8456,4,237246,392,31816,5,0,False,True,0,False,False,False,True,0,False,False,0
5294,3,167506,777,17161,25,0,True,False,0,False,False,False,True,0,False,False,1
6386,0,203404,318,30783,25,0,False,True,0,False,True,False,False,0,False,True,0
1222,0,167935,627,7337,15,0,False,True,0,False,False,True,False,0,False,True,0
7020,0,175700,335,12019,30,0,True,False,0,False,False,True,False,0,False,True,0
7618,3,104266,385,3994,25,0,True,False,0,False,True,False,False,0,False,False,0
2447,0,87277,527,25785,15,0,False,False,0,False,False,False,False,0,True,False,0
7788,4,45849,306,11998,25,0,False,False,0,False,False,True,False,0,False,True,0
1265,1,225756,315,25743,25,0,True,False,0,False,True,False,False,0,False,True,0
5924,3,112923,835,6548,15,0,True,False,0,True,False,False,False,0,False,False,1
2382,0,93991,710,45085,10,0,True,False,0,True,False,False,False,0,True,False,1
1785,4,211093,576,29466,30,0,True,False,0,False,False,False,True,0,False,True,0
8773,3,166544,626,14472,5,0,False,False,0,False,False,True,False,0,False,True,0
2705,0,219605,594,43989,15,0,False,True,0,False,False,False,False,0,False,True,0
7953,1,163578,643,21936,30,0,False,True,0,False,True,False,False,0,False,False,0
1881,3,179697,807,21413,10,0,False,True,0,False,False,False,True,0,False,False,1
7532,0,65707,824,8155,10,0,False,False,0,False,False,False,True,0,True,False,1
6536,4,175020,789,47500,10,0,False,True,0,True,False,False,False,0,False,True,1
4013,2,209348,592,29856,20,0,False,True,0,False,False,False,True,0,True,False,0
2027,3,57833,667,36724,5,0,False,True,0,False,False,False,True,0,False,False,0
7350,4,98810,638,43721,20,0,False,False,0,False,False,False,False,0,False,False,0
3665,4,22543,841,47512,5,0,False,True,0,False,False,False,True,0,False,True,1
1652,0,161795,598,7513,10,0,False,True,0,False,False,False,True,0,True,False,0
7225,3,188503,714,16943,25,0,False,False,0,False,False,True,False,0,False,True,1
6584,0,197593,493,13259,20,0,True,False,0,True,False,False,False,0,True,False,0
8956,1,217618,566,10987,15,0,True,False,0,False,False,False,True,0,True,False,0
1829,2,100898,845,4297,10,0,True,False,0,True,False,False,False,0,False,False,1
1028,3,96213,844,47956,5,0,False,True,0,False,False,False,True,0,False,True,1
2620,1,178969,591,17980,20,0,True,False,0,False,True,False,False,0,False,True,0
6976,0,160628,495,25899,25,0,True,False,0,False,True,False,False,0,False,False,0
1954,2,166211,829,49221,15,0,True,False,0,False,False,True,False,0,False,False,1
6384,0,104320,450,48793,10,0,False,True,0,False,False,False,False,0,True,False,0
6341,4,85851,431,39413,30,0,True,False,0,False,False,False,True,0,True,False,0
3531,0,228364,690,31774,30,0,False,True,0,False,False,False,False,0,False,True,0
3682,1,227254,500,8170,15,0,False,True,0,False,True,False,False,0,False,False,0
1582,3,236204,784,35247,30,0,False,True,0,False,False,False,False,0,False,True,1
2890,3,171095,395,16100,25,0,False,True,0,False,False,False,True,0,False,True,0
3952,1,214057,737,24697,10,0,False,False,0,False,False,False,True,0,False,False,1
1910,2,165450,450,12135,5,0,False,True,0,False,False,False,True,0,False,False,0
8387,4,208987,363,21822,20,0,True,False,0,False,False,False,False,0,False,False,0
4102,0,153329,769,20141,15,0,True,False,0,False,True,False,False,0,False,True,1
3184,3,199889,797,31927,20,0,False,True,0,True,False,False,False,0,False,True,1
3116,0,128327,332,28016,20,0,False,True,0,False,False,False,True,0,True,False,0
6638,2,159327,387,46373,25,0,False,True,0,True,False,False,False,0,True,False,0
2447,1,246586,654,23120,5,0,False,False,0,False,False,False,True,0,True,False,0
7863,1,64876,559,42908,20,0,False,True,0,False,False,True,False,0,False,False,0
5638,3,209658,362,4720,30,0,True,False,0,False,False,False,True,0,False,True,0
5587,4,72854,364,41065,5,0,True,False,0,False,False,False,False,0,False,True,0
2194,3,230014,349,7786,5,0,False,True,0,False,False,False,False,0,True,False,0
3898,3,160450,461,43036,20,0,False,False,0,False,True,False,False,0,False,True,0
6520,1,74975,756,38760,15,0,True,False,0,False,False,False,False,0,False,True,1
1223,4,174129,442,49410,10,0,True,False,0,False,False,False,True,0,False,False,0
3527,4,74830,550,26501,5,0,True,False,0,False,True,False,False,0,True,False,0
4785,2,223001,604,25449,10,0,False,False,0,False,False,False,False,0,False,True,0
7906,0,81034,838,3211,15,0,True,False,0,False,False,False,True,0,False,False,1
3221,1,145486,446,25701,30,0,False,True,0,False,False,False,True,0,True,False,0
8847,3,115082,469,46131,10,0,False,False,0,False,False,False,False,0,False,True,0
1896,2,44406,363,24797,25,0,False,True,0,False,False,False,True,0,False,False,0
4493,4,69951,509,16832,10,0,False,True,0,False,False,False,True,0,False,True,0
5027,2,232517,752,33072,25,0,False,False,0,False,False,False,False,0,False,True,1
6863,0,205275,393,34093,15,0,False,True,0,False,False,False,True,0,True,False,0
3228,0,49917,829,46647,25,0,True,False,0,False,False,False,True,0,True,False,1
5839,2,185064,490,10813,20,0,False,True,0,False,False,False,False,0,True,False,0
6621,4,201683,815,10891,5,0,False,False,0,False,True,False,False,0,False,True,1
7185,4,47660,613,4279,25,0,True,False,0,False,False,False,True,0,True,False,0
4533,3,178855,688,39986,10,0,False,True,0,False,False,False,True,0,False,False,0
3662,3,232845,367,40116,10,0,True,False,0,False,False,False,True,0,False,False,0
7014,0,199680,618,41649,30,0,True,False,0,False,False,False,False,0,False,False,0
5971,2,42485,320,33464,10,0,False,True,0,False,True,False,False,0,False,False,0
7121,0,111501,834,49488,25,0,False,False,0,False,True,False,False,0,False,False,1
3366,2,35728,628,30075,30,0,False,True,0,True,False,False,False,0,False,False,0
2874,1,178406,483,14638,25,0,False,False,0,False,False,False,False,0,True,False,0
4615,3,125135,550,45938,30,0,False,False,0,False,False,False,True,0,True,False,0
1859,2,123371,345,38522,30,0,True,False,0,False,False,True,False,0,True,False,0
1520,3,204546,660,40371,10,0,False,True,0,False,True,False,False,0,False,False,0
8246,1,246407,763,47583,25,0,False,False,0,False,True,False,False,0,True,False,1
2052,3,200625,605,12108,15,0,False,False,0,False,True,False,False,0,False,True,0
8797,4,71372,633,21739,15,0,False,True,0,False,False,True,False,0,False,True,0
1026,2,49585,327,31546,15,0,True,False,0,False,False,True,False,0,False,False,0
2473,4,131157,581,21368,25,0,False,False,0,False,False,False,False,0,True,False,0
6929,3,67196,650,35965,25,0,True,False,0,False,False,False,True,0,False,True,0
8442,2,102736,772,32552,10,0,True,False,0,False,False,False,False,0,True,False,1
1985,2,167139,803,36060,25,0,True,False,0,False,False,False,False,0,False,False,1
3539,2,234367,371,21081,15,0,False,True,0,False,False,False,False,0,False,True,0
7117,1,205773,383,12677,25,0,False,True,0,False,False,False,True,0,True,False,0
2129,2,95934,657,22737,25,0,True,False,0,True,False,False,False,0,False,True,0
3845,2,188078,450,32421,30,0,False,False,0,False,False,False,False,0,False,True,0
1708,0,97386,771,29554,25,0,False,False,0,False,False,False,False,0,False,False,1
6988,1,22471,485,26214,25,0,True,False,0,False,False,False,False,0,False,False,0
5833,0,245083,707,5625,25,0,False,True,0,False,False,False,False,0,False,False,1
5359,4,93327,377,45543,25,0,True,False,0,False,False,True,False,0,False,False,0
6239,3,159499,757,47174,25,0,False,True,0,True,False,False,False,0,False,False,1
3493,2,86416,381,3029,30,0,True,False,0,False,True,False,False,0,False,True,0
6958,2,185740,632,29587,25,0,False,False,0,False,False,False,False,0,True,False,0
2992,3,249400,393,48457,5,0,False,True,0,False,False,False,False,0,True,False,0
3708,3,183989,822,19511,25,0,True,False,0,False,False,False,False,0,True,False,1
4848,0,142081,334,11535,25,0,True,False,0,False,True,False,False,0,True,False,0
4019,3,225903,435,12560,20,0,True,False,0,False,False,True,False,0,True,False,0
1923,2,143028,665,15422,30,0,True,False,0,False,True,False,False,0,True,False,0
1475,0,20382,503,15201,20,0,False,True,0,False,False,True,False,0,True,False,0
5418,4,154451,502,5063,30,0,False,False,0,False,False,False,False,0,False,False,0
3928,1,95882,306,29318,25,0,False,True,0,True,False,False,False,0,False,True,0
2926,2,146904,798,7617,25,0,True,False,0,False,False,False,True,0,True,False,1
2479,2,143542,451,48022,20,0,True,False,0,False,False,False,False,0,False,True,0
8042,0,177021,620,15364,5,0,False,False,0,False,True,False,False,0,True,False,0
5065,0,168791,779,42204,10,0,False,True,0,False,False,False,False,0,False,True,1
6731,2,77539,725,29640,15,0,True,False,0,False,False,False,True,0,False,False,1
3704,1,226068,330,11089,25,0,True,False,0,False,True,False,False,0,True,False,0
4078,4,82083,773,28209,5,0,False,True,0,True,False,False,False,0,False,False,1
4360,3,138713,350,22753,10,0,True,False,0,True,False,False,False,0,True,False,0
3834,2,29671,533,46239,25,0,False,False,0,False,False,False,False,0,False,False,0
6922,0,244007,579,17585,15,0,False,True,0,False,False,False,False,0,False,True,0
8022,0,105444,518,46360,5,0,True,False,0,False,False,True,False,0,False,True,0
3476,3,146806,629,34113,25,0,True,False,0,False,True,False,False,0,False,True,0
3803,0,24214,598,11626,5,0,False,False,0,False,False,False,False,0,True,False,0
1065,3,242242,669,8539,10,0,False,True,0,False,False,False,True,0,False,True,0
8972,0,105596,627,28398,5,0,False,False,0,False,False,False,True,0,False,False,0
8151,0,107192,583,38422,10,0,False,False,0,False,False,False,False,0,False,True,0
1894,0,236987,447,14190,25,0,True,False,0,True,False,False,False,0,False,False,0
6474,2,200974,825,9734,10,0,True,False,0,False,False,True,False,0,False,False,1
6077,4,51268,497,17389,5,0,False,True,0,True,False,False,False,0,True,False,0
4620,2,24633,395,9844,5,0,False,True,0,False,False,False,False,0,True,False,0
4328,0,174380,411,48548,25,0,False,True,0,False,False,False,True,0,False,False,0
3530,3,144557,322,43026,30,0,True,False,0,False,False,False,True,0,False,True,0
2072,1,76538,730,11244,25,0,True,False,0,False,False,False,True,0,False,True,1
5942,2,55620,765,25691,15,0,False,True,0,False,False,False,True,0,False,False,1
6893,0,37923,550,43382,20,0,False,False,0,False,False,True,False,0,True,False,0
8610,1,157704,848,17475,10,0,False,True,0,False,False,True,False,0,False,True,1
2701,2,78688,386,28097,25,0,False,False,0,False,False,False,False,0,False,True,0
5576,2,83503,424,41864,25,0,False,False,0,False,False,True,False,0,False,False,0
6523,2,181085,773,26392,10,0,True,False,0,False,True,False,False,0,False,False,1
2700,3,67040,573,18765,30,0,False,True,0,False,False,False,True,0,True,False,0
3211,2,215450,546,43716,15,0,True,False,0,False,False,False,True,0,False,False,0
6766,2,184714,481,13717,20,0,True,False,0,False,False,True,False,0,False,False,0
2390,2,194387,359,18949,5,0,False,False,0,False,False,False,True,0,False,True,0
3951,0,39488,328,47286,30,0,False,False,0,False,False,False,False,0,False,True,0
6494,4,119365,818,18043,10,0,True,False,0,False,False,False,True,0,True,False,1
8236,0,222606,565,10410,25,0,True,False,0,False,False,False,True,0,True,False,0
6261,2,178958,301,3969,25,0,False,True,0,False,True,False,False,0,False,False,0
6010,1,64416,396,35281,20,0,True,False,0,False,False,False,True,0,False,True,0
6387,2,180130,488,12123,15,0,False,True,0,False,False,False,True,0,False,False,0
8015,0,199622,300,44644,5,0,False,False,0,True,False,False,False,0,False,True,0
6172,2,194678,329,22365,5,0,True,False,0,True,False,False,False,0,False,True,0
2350,2,30048,367,49387,10,0,False,False,0,True,False,False,False,0,False,True,0
6619,1,209524,338,29156,15,0,False,True,0,False,False,True,False,0,False,False,0
1542,1,179701,606,31887,25,0,True,False,0,False,False,False,True,0,False,False,0
1580,0,228587,398,23230,10,0,True,False,0,True,False,False,False,0,True,False,0
8258,2,192698,468,37268,10,0,True,False,0,True,False,False,False,0,False,False,0
4058,3,183019,758,45117,15,0,True,False,0,False,False,False,True,0,False,False,1
6034,0,114211,630,6577,25,0,True,False,0,False,False,False,True,0,False,True,0
8152,4,159158,561,25601,30,0,True,False,0,False,False,True,False,0,False,True,0
2779,2,220313,670,39237,10,0,False,True,0,False,False,False,True,0,False,True,0
5829,3,149463,517,7841,5,0,True,False,0,False,False,False,False,0,True,False,0
5461,2,115566,561,11512,5,0,False,False,0,False,False,True,False,0,False,True,0
4858,1,225070,419,29074,20,0,False,False,0,False,False,False,False,0,False,False,0
8479,4,187503,524,34679,20,0,False,True,0,False,True,False,False,0,False,False,0
2781,1,136362,642,36479,25,0,False,False,0,False,False,False,True,0,False,False,0
2479,4,68263,313,48335,30,0,True,False,0,False,False,False,True,0,False,True,0
6130,3,53639,716,3537,15,0,True,False,0,False,False,False,True,0,False,True,1
4524,2,214393,692,41453,5,0,False,True,0,False,False,False,False,0,True,False,0
1628,3,159664,314,32216,5,0,False,False,0,False,False,False,True,0,True,False,0
4465,0,120306,544,46884,20,0,False,False,0,False,True,False,False,0,True,False,0
4046,3,146944,344,17197,25,0,False,False,0,False,False,True,False,0,False,False,0
4932,0,233117,822,16572,5,0,True,False,0,False,True,False,False,0,True,False,1
4825,1,32191,380,24071,10,0,False,False,0,True,False,False,False,0,True,False,0
1546,4,211624,421,27040,10,0,False,False,0,False,False,True,False,0,False,False,0
1878,0,190174,709,47367,25,0,False,True,0,False,False,False,True,0,False,True,1
7021,1,132522,736,45168,10,0,True,False,0,False,False,False,False,0,False,False,1
2937,4,186529,646,18506,5,0,False,False,0,False,False,False,False,0,False,False,0
7955,3,189544,730,32552,5,0,False,False,0,False,False,True,False,0,False,True,1
2533,0,131965,342,13158,25,0,True,False,0,False,False,False,True,0,False,False,0
8851,0,201240,758,18396,10,0,True,False,0,True,False,False,False,0,False,False,1
2673,4,134585,841,27916,20,0,False,True,0,False,False,False,True,0,True,False,1
2701,3,86007,558,7818,10,0,True,False,0,False,True,False,False,0,False,False,0
8716,4,160588,664,38036,30,0,False,True,0,False,True,False,False,0,True,False,0
6042,4,247052,773,20062,15,0,False,False,0,False,True,False,False,0,True,False,1
3551,4,58181,342,26838,5,0,True,False,0,False,False,False,False,0,True,False,0
2259,1,128400,846,31971,20,0,False,True,0,False,False,False,False,0,False,True,1
6761,4,153604,776,5720,10,0,False,True,0,False,False,False,False,0,False,True,1
4405,0,213454,332,28690,25,0,False,True,0,True,False,False,False,0,False,True,0
5428,3,152043,623,18025,5,0,False,True,0,False,False,True,False,0,False,True,0
1448,2,50799,554,25555,25,0,True,False,0,False,True,False,False,0,True,False,0
1051,4,169672,679,18593,15,0,False,False,0,False,False,False,True,0,False,False,0
3357,4,23364,717,25444,5,0,False,True,0,False,True,False,False,0,False,True,1
1022,2,81719,845,20140,30,0,True,False,0,False,False,False,True,0,True,False,1
2459,2,63266,844,28683,30,0,True,False,0,False,False,False,False,0,False,False,1
1203,1,171846,636,16872,20,0,False,True,0,False,False,False,False,0,False,True,0
1068,4,186596,441,48022,10,0,True,False,0,False,False,False,True,0,False,False,0
1559,4,24817,823,22342,30,0,False,True,0,False,False,False,True,0,False,False,1
2252,3,232932,578,5779,25,0,True,False,0,False,False,False,False,0,True,False,0
8325,1,81375,618,42749,15,0,False,False,0,False,False,False,True,0,False,True,0
7974,3,67711,649,47919,10,0,True,False,0,False,False,False,True,0,False,False,0
2892,4,110262,527,47104,10,0,True,False,0,True,False,False,False,0,False,False,0
7390,4,66912,752,43278,20,0,False,False,0,False,False,False,True,0,True,False,1
4082,3,114577,394,15826,25,0,False,True,0,False,False,False,True,0,False,True,0
2908,4,66000,352,34890,15,0,False,False,0,False,False,False,True,0,True,False,0
1665,3,131157,786,7636,20,0,True,False,0,False,False,False,True,0,False,True,1
3637,0,223411,389,8204,10,0,False,True,0,False,False,True,False,0,True,False,0
7009,2,180648,549,14223,20,0,False,True,0,False,False,False,True,0,False,False,0
1631,2,23783,660,45852,10,0,False,False,0,False,False,False,True,0,False,False,0
3915,4,207377,783,25035,30,0,False,False,0,False,False,False,False,0,False,True,1
5534,0,90135,819,33678,30,0,False,False,0,False,False,False,True,0,True,False,1
2820,0,224519,717,37446,30,0,True,False,0,False,True,False,False,0,False,False,1
1723,2,117493,514,28135,10,0,False,True,0,False,True,False,False,0,True,False,0
1330,4,71229,577,43771,20,0,False,False,0,True,False,False,False,0,False,False,0
2814,3,216907,492,34011,20,0,True,False,0,False,True,False,False,0,False,True,0
5548,2,175855,609,35713,20,0,False,False,0,False,False,False,True,0,False,True,0
1428,1,146282,546,21633,25,0,False,True,0,False,False,True,False,0,False,False,0
1593,0,187711,557,16344,10,0,False,True,0,False,True,False,False,0,False,True,0
7747,1,138897,334,12590,30,0,True,False,0,False,False,True,False,0,False,False,0
2105,2,41879,344,25648,15,0,False,True,0,True,False,False,False,0,True,False,0
2664,4,93768,635,13697,20,0,False,True,0,False,False,False,True,0,False,True,0
6596,2,109945,813,29041,15,0,False,False,0,False,False,True,False,0,False,True,1
3014,2,199984,489,21099,25,0,True,False,0,False,False,True,False,0,False,True,0
8107,2,77773,336,23656,30,0,True,False,0,False,False,True,False,0,False,False,0
2482,4,214096,542,3014,30,0,False,True,0,False,False,True,False,0,True,False,0
8757,1,239742,414,47492,30,0,False,False,0,False,True,False,False,0,False,False,0
3917,3,125190,328,3801,10,0,True,False,0,True,False,False,False,0,False,True,0
4938,4,75897,678,26729,20,0,False,False,0,False,False,False,True,0,False,False,0
7054,3,129568,542,11136,25,0,True,False,0,True,False,False,False,0,False,True,0
5516,1,96763,787,47920,10,0,True,False,0,False,True,False,False,0,False,True,1
2798,2,121087,358,24443,25,0,False,False,0,False,False,True,False,0,False,False,0
7936,4,231396,396,21365,15,0,False,True,0,False,False,False,True,0,False,False,0
6835,0,166489,457,14579,25,0,True,False,0,True,False,False,False,0,True,False,0
6944,0,78522,757,33767,20,0,False,True,0,False,False,True,False,0,False,True,1
2124,4,159696,849,28415,30,0,False,True,0,False,False,False,True,0,True,False,1
2152,4,33934,530,19714,25,0,False,True,0,False,False,True,False,0,False,True,0
6436,1,243293,427,34204,25,0,False,True,0,False,False,False,True,0,False,False,0
8485,2,24660,394,49985,5,0,False,False,0,False,True,False,False,0,False,False,0
8337,3,125256,553,43760,30,0,True,False,0,False,False,False,True,0,False,False,0
6649,0,94844,504,33998,25,0,False,False,0,False,True,False,False,0,False,False,0
8786,4,87972,397,9991,10,0,False,False,0,False,True,False,False,0,False,True,0
1993,3,42331,347,31403,15,0,False,False,0,False,False,True,False,0,True,False,0
5295,4,111304,338,8459,25,0,True,False,0,False,False,True,False,0,True,False,0
6668,3,167293,723,14585,5,0,False,False,0,False,False,True,False,0,False,True,1
2567,2,47974,567,42526,30,0,False,True,0,False,False,False,True,0,False,True,0
7597,3,177227,414,6056,25,0,False,False,0,False,False,False,True,0,False,False,0
2512,3,214408,369,22461,5,0,True,False,0,False,False,False,True,0,True,False,0
6515,4,129896,326,35424,30,0,False,True,0,False,False,False,False,0,False,True,0
8578,2,201377,675,10478,10,0,False,True,0,False,False,False,True,0,False,True,0
5277,4,152791,539,8404,25,0,False,False,0,True,False,False,False,0,False,True,0
1040,0,59944,586,47089,25,0,False,False,0,False,False,False,True,0,False,True,0
7136,4,191834,624,36769,10,0,True,False,0,False,True,False,False,0,True,False,0
4318,4,191252,354,49439,15,0,False,True,0,False,False,False,True,0,True,False,0
2013,0,36774,608,28658,5,0,False,False,0,False,False,False,True,0,False,False,0
1699,4,86082,749,12578,15,0,False,True,0,True,False,False,False,0,False,True,1
5144,1,112693,650,45905,10,0,True,False,0,False,False,False,False,0,True,False,0
5925,2,144928,653,4151,25,0,False,False,0,False,False,True,False,0,True,False,0
1612,1,22794,458,49541,30,0,False,True,0,True,False,False,False,0,True,False,0
4420,0,21074,356,33703,25,0,False,False,0,False,False,False,True,0,True,False,0
4442,3,92672,338,47725,5,0,False,True,0,False,False,False,False,0,False,True,0
5167,3,156516,731,18820,20,0,False,False,0,False,False,False,True,0,False,True,1
2986,4,115561,563,10775,10,0,True,False,0,True,False,False,False,0,False,False,0
7218,0,249228,736,12106,30,0,False,False,0,False,False,False,True,0,True,False,1
3840,0,135450,363,9584,15,0,False,True,0,True,False,False,False,0,False,False,0
3228,2,44587,700,40684,10,0,True,False,0,False,True,False,False,0,False,True,0
5254,0,49678,322,29329,15,0,False,False,0,True,False,False,False,0,False,True,0
7197,4,157942,321,16529,10,0,False,False,0,True,False,False,False,0,True,False,0
2276,3,220587,694,21225,20,0,False,False,0,True,False,False,False,0,True,False,1
4248,0,223747,400,26015,15,0,False,True,0,True,False,False,False,0,False,False,0
4055,3,48611,430,13086,5,0,True,False,0,False,False,True,False,0,False,True,0
5347,3,222670,704,26151,10,0,False,True,0,False,True,False,False,0,True,False,1
8274,4,193806,843,18960,10,0,False,True,0,True,False,False,False,0,False,True,1
1963,3,200449,752,4618,5,0,False,True,0,False,False,True,False,0,True,False,1
1325,4,71518,425,29228,10,0,False,True,0,False,False,False,True,0,False,False,0
2887,4,228780,726,41303,25,0,False,True,0,False,True,False,False,0,False,True,1
8797,1,236440,732,11063,30,0,True,False,0,False,True,False,False,0,False,False,1
1966,3,144632,409,48319,15,0,False,True,0,False,False,False,True,0,False,False,0
5939,1,38972,687,22432,15,0,False,False,0,False,True,False,False,0,True,False,0
8258,3,40303,394,40834,10,0,False,True,0,False,False,False,True,0,False,False,0
8174,3,190889,531,15885,15,0,False,True,0,False,False,False,True,0,True,False,0
5515,1,215666,370,42125,30,0,True,False,0,False,False,True,False,0,False,True,0
2802,4,140559,844,24058,25,0,False,True,0,True,False,False,False,0,False,True,1
7830,2,217170,674,15559,10,0,False,False,0,False,False,False,True,0,False,False,0
2295,0,188770,714,5151,20,0,True,False,0,False,True,False,False,0,False,False,1
1436,2,76348,330,31322,15,0,False,False,0,False,True,False,False,0,False,True,0
1784,3,27822,358,46635,5,0,False,True,0,False,True,False,False,0,False,False,0
4808,4,88284,426,43633,10,0,False,True,0,False,False,True,False,0,True,False,0
5672,2,209231,692,31142,20,0,False,True,0,False,False,True,False,0,False,False,0
3018,3,91841,411,20431,10,0,True,False,0,True,False,False,False,0,False,False,0
8305,4,62589,706,22334,20,0,False,False,0,False,False,False,True,0,False,True,0
4161,0,130505,403,37954,5,0,True,False,0,False,True,False,False,0,True,False,0
4117,4,168821,503,43399,25,0,False,True,0,True,False,False,False,0,False,True,0
3559,1,67726,339,10724,20,0,True,False,0,False,False,False,False,0,False,False,0
3993,3,56832,328,16453,30,0,False,False,0,False,False,True,False,0,False,False,0
3319,1,246135,700,48820,30,0,False,False,0,False,False,False,True,0,False,False,0
3913,2,98662,577,4033,10,0,False,False,0,False,False,True,False,0,False,False,0
7541,3,137990,649,5572,5,0,False,True,0,False,False,True,False,0,False,False,0
8829,1,184430,793,21309,30,0,False,False,0,False,False,False,True,0,True,False,1
7019,4,227910,403,35982,20,0,False,False,0,False,False,False,True,0,True,False,0
6757,3,225254,340,10760,5,0,False,False,0,False,False,False,False,0,False,False,0
6287,1,53651,332,32109,10,0,False,False,0,False,False,True,False,0,False,True,0
7099,0,137256,463,48677,30,0,False,False,0,True,False,False,False,0,True,False,0
1567,0,150211,677,7937,15,0,False,True,0,False,False,False,True,0,False,False,0
8136,4,74171,474,12569,10,0,False,True,0,True,False,False,False,0,True,False,0
2388,3,165884,713,18833,10,0,True,False,0,False,False,False,True,0,True,False,1
7362,3,62621,753,9035,10,0,False,True,0,True,False,False,False,0,False,False,1
7649,1,232619,423,48589,30,0,False,False,0,False,True,False,False,0,False,True,0
8534,0,116573,590,49434,20,0,False,False,0,False,False,False,True,0,True,False,0
2407,0,164755,344,29460,20,0,True,False,0,False,True,False,False,0,False,True,0
1149,3,138260,770,44317,30,0,True,False,0,False,False,False,True,0,False,False,1
2095,3,30715,501,12122,10,0,False,False,0,False,False,False,True,0,True,False,0
8786,2,157348,391,12046,5,0,False,True,0,False,False,False,True,0,True,False,0
6599,3,239383,821,38644,30,0,False,True,0,True,False,False,False,0,True,False,1
7953,3,63948,526,7877,20,0,True,False,0,False,False,False,True,0,False,False,0
6567,4,179124,340,18959,5,0,True,False,0,True,False,False,False,0,False,True,0
6915,1,43111,515,41435,25,0,True,False,0,False,False,False,True,0,True,False,0
4485,2,205302,800,25386,20,0,True,False,0,False,False,False,False,0,False,False,1
6560,1,66308,597,31273,5,0,False,True,0,False,False,False,False,0,False,False,0
3360,2,214459,424,47296,25,0,False,False,0,False,False,False,True,0,False,False,0
5237,1,168201,443,25236,10,0,False,False,0,False,False,True,False,0,False,False,0
6671,4,42148,349,31126,20,0,False,True,0,False,True,False,False,0,False,False,0
6508,0,47144,340,13627,15,0,True,False,0,False,True,False,False,0,False,True,0
7105,3,132522,748,5367,5,0,True,False,0,True,False,False,False,0,False,False,1
2560,1,138496,437,27536,25,0,True,False,0,False,False,False,True,0,False,False,0
1623,4,91274,424,20471,30,0,False,False,0,False,False,False,True,0,True,False,0
4893,4,69722,375,27534,30,0,True,False,0,True,False,False,False,0,False,False,0
3872,1,229354,767,18075,10,0,False,True,0,False,False,False,True,0,False,True,1
5091,0,205372,756,47903,5,0,False,True,0,False,False,False,True,0,False,False,1
7415,0,62416,633,5423,5,0,False,False,0,False,False,False,False,0,False,False,0
6904,3,60655,786,14825,15,0,False,False,0,False,False,False,False,0,False,True,1
1189,3,90221,565,10423,25,0,False,True,0,False,False,True,False,0,False,False,0
2614,1,38255,645,26545,20,0,False,True,0,False,False,False,True,0,True,False,0
3606,4,151498,779,3299,15,0,False,True,0,False,True,False,False,0,False,False,1
5550,3,172692,602,8156,5,0,False,False,0,True,False,False,False,0,False,True,0
7991,3,55890,619,15086,5,0,False,False,0,False,True,False,False,0,False,True,0
3679,4,70697,632,48591,15,0,False,True,0,False,True,False,False,0,False,True,0
3634,1,174692,458,34175,5,0,False,True,0,False,False,False,False,0,False,False,0
6719,0,24957,591,21504,30,0,False,True,0,True,False,False,False,0,False,False,0
4663,3,75437,441,33878,30,0,False,False,0,False,False,False,True,0,False,True,0
3012,4,77835,650,4928,30,0,False,True,0,False,False,False,True,0,False,True,0
4678,3,241879,313,19674,20,0,False,True,0,False,False,True,False,0,False,False,0
7432,2,152707,354,27303,10,0,False,False,0,False,False,False,True,0,False,False,0
4129,4,152091,540,41055,5,0,False,True,0,False,False,True,False,0,False,True,0
2108,4,186386,308,3757,20,0,False,False,0,False,False,False,False,0,False,False,0
7769,2,74080,554,18258,25,0,True,False,0,False,False,False,True,0,False,False,0
5614,2,172921,823,36128,5,0,False,False,0,False,False,False,False,0,True,False,1
6464,0,53545,466,8119,20,0,False,False,0,False,False,False,False,0,False,True,0
4370,1,125115,362,33616,5,0,False,False,0,False,True,False,False,0,False,True,0
8281,0,107752,455,34400,15,0,True,False,0,False,False,False,True,0,False,True,0
1108,0,113615,450,28185,30,0,True,False,0,False,False,False,True,0,False,True,0
4265,4,214109,476,19224,30,0,False,True,0,True,False,False,False,0,False,True,0
4849,4,21731,741,23432,30,0,True,False,0,False,False,False,True,0,False,True,1
8723,2,228600,462,31385,5,0,False,False,0,True,False,False,False,0,True,False,0
1279,3,46644,759,49805,5,0,False,False,0,False,False,False,True,0,False,True,1
3639,2,73321,678,17137,5,0,True,False,0,True,False,False,False,0,False,False,0
3915,2,54476,774,4693,20,0,False,True,0,True,False,False,False,0,False,True,1
1260,4,208251,342,17494,10,0,False,True,0,False,True,False,False,0,False,True,0
4912,0,231499,599,32948,25,0,True,False,0,False,False,False,False,0,False,False,0
3587,1,202575,572,32036,25,0,False,True,0,False,False,True,False,0,True,False,0
3662,1,227747,431,6632,15,0,True,False,0,False,False,True,False,0,False,True,0
1543,0,28303,527,24832,15,0,True,False,0,False,False,False,True,0,True,False,0
4000,0,227386,526,30173,25,0,False,False,0,True,False,False,False,0,False,True,0
6993,2,84707,443,13158,5,0,True,False,0,False,False,False,False,0,False,False,0
8114,1,159987,336,29262,25,0,False,False,0,True,False,False,False,0,True,False,0
3965,2,82741,771,7612,25,0,False,True,0,False,False,False,True,0,True,False,1
4222,4,132736,522,42077,10,0,True,False,0,False,False,False,True,0,False,False,0
1921,3,174866,505,22898,5,0,False,True,0,False,False,False,True,0,True,False,0
1940,0,78383,743,44321,30,0,False,False,0,False,False,False,True,0,False,False,1
2530,3,21698,332,28237,25,0,False,True,0,False,False,False,True,0,True,False,0
6457,1,74233,735,13899,15,0,False,False,0,False,False,False,True,0,False,True,1
5902,2,229901,497,34748,5,0,True,False,0,False,False,False,False,0,False,False,0
5641,0,191858,803,4687,5,0,False,False,0,False,True,False,False,0,False,False,1
4560,1,196083,532,31957,5,0,True,False,0,False,False,True,False,0,False,False,0
3767,3,130956,324,46647,30,0,False,False,0,False,False,False,True,0,True,False,0
5821,0,97140,831,9345,20,0,False,True,0,False,False,True,False,0,False,True,1
2472,1,200533,374,17658,5,0,False,True,0,False,False,False,True,0,True,False,0
1980,3,37637,704,5871,15,0,True,False,0,False,False,False,True,0,False,False,0
8301,1,214329,665,20140,5,0,False,False,0,True,False,False,False,0,False,False,0
2406,2,151197,408,39519,30,0,False,True,0,False,False,True,False,0,False,False,0
5878,4,102971,629,6444,15,0,False,True,0,True,False,False,False,0,False,False,0
8407,2,28696,607,3734,30,0,False,True,0,False,False,False,True,0,True,False,0
5135,0,63012,574,24826,15,0,True,False,0,False,True,False,False,0,False,False,0
5759,0,123313,437,9895,10,0,False,True,0,False,False,False,True,0,False,True,0
8720,0,80059,305,25775,5,0,False,False,0,False,False,False,True,0,False,True,0
7331,0,240087,601,30006,20,0,False,False,0,True,False,False,False,0,True,False,0
4615,3,110702,820,49632,25,0,True,False,0,False,False,False,True,0,False,True,1
1684,0,152647,514,30395,10,0,False,True,0,False,True,False,False,0,True,False,0
6668,2,20542,598,3992,15,0,False,False,0,False,False,False,True,0,True,False,0
3413,4,120817,311,24586,30,0,False,True,0,False,False,True,False,0,False,True,0
7229,3,73332,570,40187,30,0,False,False,0,False,False,False,True,0,False,False,0
8398,0,59743,789,14606,30,0,True,False,0,True,False,False,False,0,False,False,1
3968,1,151526,375,27999,25,0,True,False,0,False,False,False,True,0,True,False,0
6962,4,129049,546,35152,15,0,False,True,0,False,False,False,True,0,False,True,0
6695,0,168799,812,36894,15,0,False,False,0,False,False,False,True,0,False,True,1
4995,4,111836,419,45591,30,0,True,False,0,False,False,False,True,0,False,True,0
6698,2,150386,631,22536,25,0,False,True,0,False,False,False,True,0,True,False,0
5871,0,247073,715,14418,10,0,False,False,0,False,False,False,False,0,False,False,1
6303,1,90908,513,15293,15,0,True,False,0,True,False,False,False,0,False,False,0
2856,3,137765,811,6960,20,0,True,False,0,False,True,False,False,0,False,False,1
3997,2,64824,541,16439,20,0,True,False,0,False,False,False,True,0,False,True,0
1172,2,157318,771,15243,5,0,True,False,0,False,False,False,False,0,False,True,1
2419,1,239125,674,12564,10,0,False,True,0,False,False,False,False,0,False,False,0
2539,0,178956,836,21409,5,0,False,False,0,False,True,False,False,0,True,False,1
4058,2,83498,390,16382,20,0,False,True,0,False,True,False,False,0,False,True,0
5908,3,75490,752,45140,15,0,False,False,0,False,False,False,False,0,True,False,1
6459,1,38659,702,40067,10,0,True,False,0,False,False,False,True,0,True,False,0
8093,2,190140,507,45950,10,0,False,False,0,False,False,False,False,0,False,True,0
7127,1,137980,388,40467,15,0,False,False,0,False,False,False,False,0,False,True,0
8413,0,128955,708,14236,10,0,False,False,0,True,False,False,False,0,False,False,1
7202,1,57700,432,22692,15,0,False,True,0,False,True,False,False,0,True,False,0
7903,3,186189,744,42021,25,0,False,True,0,False,False,False,True,0,False,False,1
8646,0,102607,553,43205,10,0,True,False,0,False,False,False,True,0,False,False,0
2357,1,177912,750,39172,15,0,False,True,0,False,True,False,False,0,True,False,1
5710,2,146624,413,38580,25,0,False,True,0,False,False,False,True,0,True,False,0
3353,3,235704,664,42370,30,0,False,True,0,False,False,False,True,0,False,True,0
6107,2,178126,353,48336,10,0,False,False,0,False,False,False,False,0,False,True,0
4080,3,62209,499,16332,30,0,False,False,0,False,False,False,False,0,False,False,0
4577,3,236035,784,39271,25,0,True,False,0,False,False,False,True,0,True,False,1
1241,4,42995,737,9543,25,0,False,True,0,False,False,True,False,0,True,False,1
1560,4,213076,514,30998,30,0,False,True,0,False,True,False,False,0,True,False,0
7743,0,138263,605,32028,20,0,True,False,0,False,False,False,True,0,False,True,0
2447,3,21143,439,15225,30,0,False,True,0,False,False,False,True,0,True,False,0
2490,3,67639,707,38290,25,0,False,False,0,False,False,False,False,0,True,False,0
7931,3,186318,616,16827,30,0,False,True,0,False,False,False,True,0,True,False,0
8233,3,169010,550,38775,15,0,False,False,0,True,False,False,False,0,False,True,0
2960,1,171202,582,21328,30,0,False,True,0,False,False,False,True,0,False,False,0
7777,0,69381,434,6799,20,0,False,True,0,False,False,True,False,0,False,True,0
3035,3,49154,615,22612,10,0,False,False,0,True,False,False,False,0,False,True,0
3805,0,104582,765,17208,25,0,True,False,0,False,False,False,True,0,True,False,1
3326,0,168322,411,17626,15,0,True,False,0,False,False,False,True,0,True,False,0
7365,1,106478,786,25583,25,0,False,False,0,True,False,False,False,0,False,False,1
3875,3,184244,481,9812,25,0,True,False,0,False,False,False,True,0,False,True,0
1371,3,242343,675,28671,5,0,False,True,0,False,False,True,False,0,False,False,0
6601,3,156016,503,49742,15,0,False,False,0,False,False,True,False,0,True,False,0
7353,0,44570,503,14946,25,0,True,False,0,False,False,False,True,0,True,False,0
6375,3,110057,724,45281,20,0,False,True,0,False,False,False,True,0,False,True,1
2347,1,227224,443,24979,30,0,True,False,0,False,True,False,False,0,True,False,0
8463,1,225542,540,16586,25,0,False,False,0,False,False,False,False,0,False,True,0
6783,3,87916,522,27891,20,0,True,False,0,False,False,True,False,0,False,False,0
6721,1,138278,555,39941,15,0,True,False,0,False,False,False,False,0,True,False,0
3546,2,109504,426,15009,15,0,False,False,0,False,True,False,False,0,False,False,0
6721,2,119877,445,26400,30,0,True,False,0,False,True,False,False,0,False,False,0
2600,2,71795,425,15643,20,0,False,True,0,False,True,False,False,0,True,False,0
7457,3,217365,834,44273,10,0,False,True,0,True,False,False,False,0,True,False,1
7547,1,149849,751,25047,30,0,False,False,0,False,False,False,True,0,True,False,1
1424,3,247980,321,29898,10,0,True,False,0,False,True,False,False,0,False,True,0
4289,1,189414,685,38911,30,0,False,True,0,False,False,False,False,0,False,False,0
2851,3,192177,580,46864,10,0,False,False,0,False,False,True,False,0,False,False,0
2134,3,28579,514,23633,20,0,False,True,0,False,False,False,False,0,False,True,0
4321,1,193748,634,35828,20,0,True,False,0,True,False,False,False,0,False,True,0
2414,0,241428,666,13705,10,0,False,False,0,False,False,False,False,0,True,False,0
4115,0,77506,355,25051,15,0,True,False,0,False,False,False,True,0,False,False,0
8241,0,28420,560,30948,25,0,False,False,0,False,False,False,True,0,False,True,0
1103,3,175091,831,26715,30,0,False,True,0,False,False,False,True,0,False,True,1
8651,2,136667,581,18543,10,0,False,False,0,False,False,False,False,0,False,True,0
8483,4,153921,604,7770,30,0,False,True,0,False,False,False,False,0,True,False,0
6879,4,71978,619,37646,25,0,True,False,0,False,False,True,False,0,False,True,0
5489,1,31464,461,28488,20,0,False,True,0,False,False,True,False,0,False,True,0
1054,4,199837,651,7305,10,0,True,False,0,True,False,False,False,0,True,False,0
1086,4,85837,848,33311,30,0,False,False,0,False,False,False,True,0,True,False,1
5974,3,146390,632,45697,5,0,False,False,0,False,False,True,False,0,False,False,0
7186,1,95607,714,31926,25,0,False,True,0,True,False,False,False,0,False,False,1
6825,1,38918,461,34918,15,0,False,False,0,False,False,False,False,0,False,False,0
1434,3,111145,418,45060,5,0,False,True,0,False,False,False,False,0,True,False,0
7398,1,108438,457,7088,5,0,False,False,0,False,True,False,False,0,False,False,0
4643,3,29616,778,37660,10,0,False,False,0,True,False,False,False,0,True,False,1
1659,1,92045,580,36893,25,0,False,True,0,False,False,False,False,0,True,False,0
7082,0,181509,732,31706,20,0,False,True,0,False,False,True,False,0,True,False,1
3446,2,243844,606,24694,20,0,True,False,0,False,False,False,False,0,False,False,0
4549,3,106667,521,35629,30,0,False,False,0,False,False,True,False,0,False,True,0
8130,2,65759,757,12363,5,0,False,True,0,False,True,False,False,0,False,True,1
6075,4,77512,678,21805,20,0,False,True,0,False,False,False,False,0,False,False,0
6053,2,65544,314,41712,30,0,True,False,0,False,True,False,False,0,True,False,0
8759,0,242657,489,28512,15,0,True,False,0,False,True,False,False,0,True,False,0
3547,2,242000,340,34755,25,0,False,False,0,False,False,False,True,0,False,False,0
4939,0,111799,486,44259,5,0,False,False,0,False,False,False,True,0,False,True,0
1178,2,209629,434,25238,20,0,False,True,0,False,False,False,True,0,False,False,0
1207,3,61287,392,41073,25,0,True,False,0,False,False,True,False,0,True,False,0
5574,4,48574,595,30779,10,0,True,False,0,False,False,False,True,0,False,True,0
4527,0,162558,523,39008,25,0,False,False,0,False,False,True,False,0,False,False,0
4029,1,67927,356,4776,10,0,True,False,0,False,True,False,False,0,False,True,0
1688,0,157433,677,14494,10,0,True,False,0,False,False,False,False,0,False,True,0
6973,3,100000,529,28763,5,0,True,False,0,False,False,False,False,0,True,False,0
6488,0,185203,842,12638,15,0,False,True,0,False,False,False,True,0,False,True,1
5826,3,97251,431,27679,10,0,False,True,0,False,False,False,True,0,True,False,0
2218,1,95142,322,15603,15,0,False,True,0,False,False,False,True,0,True,False,0
8525,0,158817,340,38351,15,0,True,False,0,False,False,False,True,0,False,True,0
6367,0,124564,506,48038,15,0,False,True,0,False,False,False,True,0,True,False,0
8880,0,92022,634,45285,30,0,True,False,0,False,False,True,False,0,False,False,0
8402,4,133743,477,26828,5,0,True,False,0,False,False,True,False,0,True,False,0
6618,4,241084,648,43722,5,0,False,True,0,False,False,False,False,0,True,False,0
4012,3,89634,664,16709,15,0,True,False,0,False,False,True,False,0,False,True,0
7779,4,142467,548,23679,15,0,False,False,0,True,False,False,False,0,True,False,0
2138,2,76719,578,5073,15,0,False,False,0,True,False,False,False,0,False,False,0
1424,2,135649,713,22550,30,0,False,False,0,False,False,False,False,0,False,True,1
1835,3,229993,429,12306,20,0,True,False,0,False,False,False,True,0,False,True,0
7305,4,23244,562,15946,30,0,True,False,0,False,False,False,True,0,True,False,0
4181,0,147438,587,24154,10,0,False,True,0,False,False,False,True,0,False,True,0
1748,4,74117,791,39863,10,0,False,False,0,False,True,False,False,0,True,False,1
6919,3,56003,697,27566,25,0,True,False,0,False,False,False,True,0,False,False,0
3303,1,79551,338,17813,30,0,False,False,0,False,True,False,False,0,True,False,0
4262,3,249178,363,35169,25,0,False,True,0,False,False,False,False,0,False,False,0
4635,2,92805,668,12271,5,0,True,False,0,False,False,False,False,0,False,True,0
4497,1,63693,399,27738,5,0,False,False,0,False,False,False,False,0,False,True,0
3236,0,144745,332,47575,5,0,False,True,0,False,True,False,False,0,False,True,0
7960,1,153492,633,28085,20,0,True,False,0,True,False,False,False,0,True,False,0
3533,2,107498,300,7820,25,0,False,False,0,False,False,False,True,0,True,False,0
6375,0,116119,462,5164,5,0,True,False,0,False,False,False,False,0,False,False,0
8818,0,99993,841,23384,20,0,True,False,0,False,False,False,True,0,False,True,1
7228,1,238137,705,11560,25,0,False,False,0,False,False,False,True,0,False,True,1
3203,4,184894,641,31059,15,0,True,False,0,False,True,False,False,0,True,False,0
1484,3,48798,761,8613,15,0,False,False,0,True,False,False,False,0,False,False,1
4275,3,231367,395,32137,15,0,False,False,0,False,True,False,False,0,True,False,0
8402,3,87118,650,22975,15,0,False,True,0,False,False,False,True,0,True,False,0
7305,0,185028,317,21010,5,0,False,True,0,True,False,False,False,0,False,True,0
2416,4,119996,675,16989,30,0,False,True,0,False,False,False,True,0,True,False,0
8686,0,137964,631,29555,15,0,False,False,0,False,False,True,False,0,False,True,0
6096,4,225095,455,13986,25,0,True,False,0,False,False,False,False,0,True,False,0
2475,1,116599,463,43453,20,0,True,False,0,False,False,False,True,0,True,False,0
8153,1,217909,796,46918,5,0,True,False,0,False,False,False,False,0,False,False,1
4163,3,176187,308,5523,15,0,False,False,0,False,False,True,False,0,False,True,0
8966,4,235804,690,26566,5,0,False,False,0,False,False,False,True,0,False,True,0
3534,4,169786,755,13088,25,0,False,False,0,False,False,False,False,0,False,True,1
4901,0,169052,441,48782,30,0,False,True,0,True,False,False,False,0,False,False,0
7944,2,165367,333,20035,15,0,False,True,0,False,False,False,False,0,True,False,0
8810,4,196872,840,26436,10,0,False,False,0,False,False,True,False,0,False,True,1
4422,3,128180,457,29605,30,0,False,False,0,True,False,False,False,0,False,False,0
5445,3,207816,551,21633,30,0,True,False,0,False,True,False,False,0,False,False,0
3966,2,139648,736,49148,25,0,True,False,0,False,False,False,True,0,False,False,1
3703,3,55014,512,33873,15,0,True,False,0,False,False,True,False,0,True,False,0
3608,3,40029,691,43962,30,0,False,True,0,False,True,False,False,0,False,False,0
1279,2,210617,552,24971,5,0,True,False,0,False,True,False,False,0,False,True,0
1220,3,68623,370,41445,20,0,True,False,0,False,False,True,False,0,False,True,0
1307,3,58563,335,28353,30,0,False,False,0,False,True,False,False,0,True,False,0
7045,3,58811,697,8566,25,0,True,False,0,False,False,False,True,0,True,False,0
8680,0,226367,493,26480,20,0,True,False,0,False,False,True,False,0,False,True,0
2647,2,92339,537,17174,30,0,False,False,0,True,False,False,False,0,False,True,0
7629,4,237714,562,15862,25,0,False,True,0,False,False,False,False,0,True,False,0
2193,2,142489,306,11892,25,0,True,False,0,False,False,False,True,0,False,True,0
4303,1,221926,359,4780,10,0,True,False,0,True,False,False,False,0,True,False,0
2377,0,198866,474,10995,5,0,False,True,0,False,False,False,True,0,False,False,0
3973,4,47571,723,16648,15,0,True,False,0,False,False,True,False,0,False,True,1
7675,2,140977,584,30175,5,0,False,True,0,True,False,False,False,0,False,True,0
7444,4,131364,435,26314,30,0,True,False,0,False,False,False,True,0,True,False,0
2376,4,203514,522,34634,25,0,False,True,0,True,False,False,False,0,False,False,0
3723,1,62342,795,39911,30,0,True,False,0,False,True,False,False,0,False,True,1
5391,4,133142,457,11700,20,0,False,True,0,False,False,False,True,0,True,False,0
8004,1,244003,638,46205,30,0,False,True,0,True,False,False,False,0,True,False,0
7285,1,223208,711,32539,5,0,False,True,0,False,False,False,True,0,True,False,1
8482,0,248223,742,27087,10,0,True,False,0,False,False,False,True,0,False,False,1
4597,4,164758,511,19089,30,0,False,True,0,False,False,False,False,0,True,False,0
7590,0,152340,590,21182,5,0,True,False,0,False,False,True,False,0,True,False,0
8696,1,232883,337,49202,5,0,False,True,0,False,False,False,False,0,False,False,0
5201,0,156616,616,29411,10,0,True,False,0,False,False,False,True,0,True,False,0
1234,2,169381,684,8819,15,0,False,True,0,True,False,False,False,0,False,False,0
3174,4,134693,424,14287,10,0,False,False,0,False,True,False,False,0,True,False,0
1586,1,205485,467,43442,30,0,True,False,0,False,True,False,False,0,False,True,0
6709,0,120953,818,11274,20,0,True,False,0,False,False,False,True,0,False,True,1
5753,0,126817,692,31883,5,0,False,False,0,False,False,False,True,0,False,True,0
4296,2,37862,674,28972,30,0,False,False,0,False,False,False,True,0,True,False,0
4066,4,105662,444,15616,15,0,False,True,0,False,False,False,True,0,True,False,0
3556,2,159646,764,47142,30,0,False,True,0,False,False,False,False,0,True,False,1
6016,1,129267,697,8657,30,0,False,True,0,False,True,False,False,0,False,True,0
6725,1,195401,316,31809,15,0,True,False,0,False,False,True,False,0,False,True,0
6640,3,72594,490,37303,10,0,True,False,0,False,False,False,True,0,False,True,0
7913,2,39983,569,39896,20,0,False,False,0,False,False,False,True,0,False,True,0
7952,2,86762,795,48063,5,0,False,True,0,False,False,False,True,0,True,False,1
8306,3,33600,401,46195,30,0,True,False,0,False,False,False,True,0,False,True,0
1499,2,246051,739,30073,10,0,True,False,0,True,False,False,False,0,False,True,1
3081,3,180986,407,29039,30,0,True,False,0,False,False,False,True,0,False,False,0
3259,4,75891,630,40360,30,0,False,False,0,False,False,True,False,0,False,False,0
4308,3,32451,341,8958,30,0,True,False,0,False,False,False,True,0,False,True,0
3800,1,65857,523,27027,15,0,False,False,0,False,False,False,True,0,True,False,0
1198,3,172671,744,6451,20,0,True,False,0,True,False,False,False,0,False,True,1
8443,0,40602,668,49703,20,0,False,True,0,False,False,False,True,0,True,False,0
4920,1,125432,771,44863,10,0,False,True,0,False,True,False,False,0,True,False,1
5271,0,195160,733,43181,5,0,False,True,0,True,False,False,False,0,False,False,1
2897,1,60395,688,40986,30,0,False,False,0,False,True,False,False,0,False,False,0
7829,3,167107,408,16646,10,0,True,False,0,False,True,False,False,0,False,False,0
6461,2,244431,635,20779,15,0,False,False,0,False,False,False,True,0,False,True,0
4911,4,213957,481,18609,30,0,False,True,0,False,False,False,False,0,False,False,0
1140,3,205986,673,5969,25,0,False,False,0,True,False,False,False,0,False,True,0
5072,1,233297,426,30761,30,0,True,False,0,False,True,False,False,0,True,False,0
2032,1,60785,632,30629,30,0,False,True,0,False,False,False,True,0,True,False,0
8464,4,117752,745,14429,20,0,True,False,0,False,False,False,True,0,False,False,1
8152,4,64952,311,48042,10,0,False,False,0,False,True,False,False,0,True,False,0
8728,4,27040,793,16852,15,0,True,False,0,False,False,False,False,0,True,False,1
1460,4,139353,422,25384,30,0,False,True,0,False,False,True,False,0,False,True,0
1483,0,237186,655,7810,25,0,False,True,0,False,False,False,True,0,False,True,0
2159,0,43903,318,6393,30,0,False,True,0,False,False,True,False,0,True,False,0
2804,3,183499,548,31364,25,0,False,False,0,True,False,False,False,0,False,True,0
3104,0,205015,604,11144,20,0,False,True,0,False,True,False,False,0,False,True,0
5054,1,95047,320,17421,30,0,False,True,0,False,True,False,False,0,False,True,0
3891,2,58358,560,47007,20,0,False,True,0,False,False,False,False,0,False,True,0
3626,3,141893,539,8695,15,0,False,False,0,False,False,False,True,0,False,True,0
4605,1,66531,431,49607,25,0,False,False,0,True,False,False,False,0,True,False,0
2416,4,231874,538,28666,5,0,False,False,0,False,False,False,True,0,True,False,0
8769,1,185540,717,43697,30,0,True,False,0,True,False,False,False,0,False,True,1
1999,3,226303,777,43816,5,0,True,False,0,False,True,False,False,0,True,False,1
7232,3,87743,593,43255,25,0,True,False,0,False,False,False,False,0,True,False,0
7929,1,130123,515,12450,5,0,False,False,0,False,False,False,True,0,False,True,0
1670,0,114108,444,6554,10,0,False,True,0,False,False,False,True,0,True,False,0
6354,0,107465,448,36596,10,0,False,True,0,False,False,False,True,0,False,True,0
6389,0,112060,341,25007,30,0,True,False,0,False,False,False,False,0,True,False,0
1890,4,180452,689,30209,5,0,False,False,0,False,False,False,True,0,True,False,0
7579,3,93117,438,13865,25,0,False,False,0,False,False,True,False,0,True,False,0
7624,1,112895,512,21148,25,0,False,False,0,True,False,False,False,0,True,False,0
4586,1,214822,300,15514,10,0,False,True,0,False,True,False,False,0,False,True,0
2623,3,199797,727,20419,25,0,False,True,0,True,False,False,False,0,True,False,1
1224,3,243240,679,35091,30,0,False,False,0,False,False,True,False,0,True,False,0
6856,1,201430,601,46686,20,0,False,True,0,False,False,False,True,0,False,False,0
6295,4,129655,827,29102,15,0,False,False,0,False,False,True,False,0,False,True,1
5136,4,54844,399,8699,15,0,False,False,0,True,False,False,False,0,False,False,0
5255,2,238518,450,42074,20,0,False,True,0,False,False,False,False,0,True,False,0
8893,2,150541,320,29595,20,0,True,False,0,False,False,True,False,0,True,False,0
8299,2,25599,679,40588,30,0,True,False,0,False,False,False,True,0,False,True,0
6503,2,162087,842,30968,30,0,True,False,0,False,True,False,False,0,False,True,1
7639,0,198122,753,47398,20,0,False,False,0,False,False,False,False,0,False,True,1
6650,2,142393,349,49462,30,0,False,True,0,True,False,False,False,0,False,True,0
8503,3,94253,743,21372,20,0,False,True,0,True,False,False,False,0,False,False,1
5056,3,122221,618,34153,30,0,False,False,0,False,False,False,True,0,False,True,0
1461,1,203485,733,18144,25,0,True,False,0,False,False,False,True,0,False,False,1
2003,4,45789,671,20056,25,0,False,True,0,False,False,False,True,0,True,False,0
8653,2,201696,580,33912,10,0,True,False,0,False,True,False,False,0,False,True,0
5660,3,110534,796,21812,25,0,False,False,0,False,False,True,False,0,True,False,1
3136,0,46547,791,9104,25,0,False,False,0,False,False,False,False,0,False,True,1
7984,4,201648,727,35577,15,0,False,True,0,False,True,False,False,0,False,True,1
2844,3,60293,686,13223,20,0,False,False,0,False,False,False,False,0,False,False,0
5942,3,29868,400,37620,10,0,False,True,0,False,False,False,True,0,True,False,0
2223,0,231162,513,33698,25,0,False,False,0,False,False,False,True,0,False,False,0
5295,0,95594,511,40777,5,0,True,False,0,False,False,False,True,0,False,True,0
8585,2,101199,634,36826,5,0,True,False,0,False,False,False,True,0,False,True,0
8161,2,106531,718,38217,10,0,True,False,0,True,False,False,False,0,False,True,1
8234,2,110508,499,13840,30,0,False,False,0,False,False,True,False,0,False,True,0
3064,1,228285,341,49307,20,0,False,False,0,True,False,False,False,0,True,False,0
3820,3,235829,798,28247,25,0,True,False,0,True,False,False,False,0,False,False,1
7652,0,214437,572,49180,10,0,False,False,0,True,False,False,False,0,False,True,0
8340,4,123545,618,16619,15,0,False,False,0,False,False,False,False,0,False,False,0
4493,1,162681,618,32779,30,0,False,True,0,False,False,True,False,0,False,True,0
5136,4,41169,420,5838,25,0,False,True,0,True,False,False,False,0,True,False,0
7738,3,150182,355,9471,25,0,False,True,0,True,False,False,False,0,False,True,0
5952,0,137264,311,44084,25,0,False,False,0,False,False,True,False,0,True,False,0
4239,2,235826,548,19282,30,0,False,False,0,False,False,False,True,0,False,True,0
6806,1,34935,651,47642,30,0,True,False,0,True,False,False,False,0,False,False,0
4949,2,162835,409,34431,10,0,True,False,0,False,False,False,False,0,False,False,0
8368,3,192751,635,20664,25,0,False,False,0,True,False,False,False,0,True,False,0
2588,0,219177,611,32903,30,0,False,False,0,True,False,False,False,0,True,False,0
4579,1,94901,643,16328,5,0,False,True,0,False,False,False,False,0,False,False,0
3214,1,246575,708,7393,5,0,False,True,0,False,False,True,False,0,False,True,1
5361,1,61061,336,47823,25,0,False,True,0,False,False,True,False,0,False,False,0
3608,1,42081,473,33895,30,0,False,False,0,False,True,False,False,0,False,False,0
5656,4,143074,593,43767,5,0,False,False,0,False,False,False,True,0,False,True,0
6848,2,233500,334,28348,10,0,False,True,0,False,False,True,False,0,False,False,0
3923,3,50150,528,28253,5,0,True,False,0,False,False,False,True,0,False,False,0
4331,3,131801,325,30472,5,0,False,True,0,False,False,False,False,0,False,True,0
4245,1,202852,570,49994,10,0,False,True,0,False,False,False,False,0,True,False,0
6248,0,128395,775,10978,15,0,False,True,0,False,False,True,False,0,False,False,1
1353,2,98926,538,41542,20,0,False,False,0,False,False,False,True,0,False,False,0
4688,0,168581,735,34396,30,0,True,False,0,False,False,False,True,0,False,False,1
2255,3,74860,618,32854,10,0,False,True,0,False,True,False,False,0,False,False,0
4120,4,188830,501,42415,30,0,True,False,0,False,False,False,True,0,False,False,0
7469,2,50866,423,15007,10,0,True,False,0,False,False,True,False,0,True,False,0
6811,3,106643,706,45568,25,0,True,False,0,False,False,False,True,0,False,False,0
6370,3,229456,800,31684,15,0,True,False,0,False,False,True,False,0,False,True,1
1985,3,59422,409,41458,15,0,False,True,0,False,False,False,True,0,False,False,0
6499,0,24292,541,26960,30,0,True,False,0,True,False,False,False,0,False,True,0
2844,4,31365,771,6460,20,0,False,False,0,False,False,True,False,0,True,False,1
2273,1,224224,807,34738,15,0,True,False,0,False,False,False,True,0,False,False,1
8161,1,169292,723,35991,10,0,False,False,0,False,False,False,True,0,False,False,1
8066,4,113801,609,39299,5,0,False,False,0,False,True,False,False,0,False,False,0
1749,1,167216,439,33501,20,0,False,False,0,False,False,True,False,0,False,False,0
8397,3,84752,753,39269,25,0,False,False,0,False,False,False,True,0,False,False,1
5318,4,97179,607,18731,15,0,False,True,0,True,False,False,False,0,False,False,0
3126,2,138949,324,27026,20,0,False,False,0,False,False,False,False,0,False,True,0
1737,1,62452,455,11605,5,0,False,True,0,False,False,False,True,0,True,False,0
8017,4,99273,748,39126,30,0,False,False,0,False,True,False,False,0,False,False,1
4235,2,110431,452,25087,25,0,True,False,0,False,False,False,True,0,True,False,0
6346,2,105086,317,41437,20,0,True,False,0,False,False,False,True,0,True,False,0
2414,1,28402,483,18773,5,0,False,True,0,False,False,True,False,0,False,False,0
7484,1,77594,826,29448,30,0,False,True,0,True,False,False,False,0,False,False,1
1788,1,235136,812,19520,30,0,False,True,0,False,False,True,False,0,False,False,1
7149,0,71131,770,29095,5,0,False,False,0,False,False,True,False,0,False,False,1
6318,3,45256,446,40925,10,0,False,True,0,False,False,True,False,0,True,False,0
8945,4,46220,346,28057,30,0,False,False,0,False,False,True,False,0,False,True,0
8562,3,87135,350,40882,5,0,True,False,0,False,True,False,False,0,False,False,0
7082,3,120348,368,42422,10,0,False,True,0,False,False,False,False,0,False,False,0
4861,1,31227,564,8350,20,0,False,False,0,False,False,False,False,0,False,False,0
5729,0,49489,805,17781,15,0,False,False,0,False,False,True,False,0,False,True,1
8862,3,249183,620,17465,25,0,True,False,0,False,False,False,True,0,True,False,0
7031,2,100142,500,21955,10,0,False,True,0,False,False,False,True,0,False,True,0
7823,0,31621,800,18458,10,0,False,False,0,False,False,False,True,0,False,False,1
5071,2,162039,669,4275,10,0,True,False,0,False,False,False,False,0,True,False,0
3655,4,195740,591,48866,20,0,False,True,0,False,False,False,True,0,False,False,0
2332,2,213449,810,19845,20,0,False,True,0,False,True,False,False,0,False,False,1
3338,3,189300,682,27806,20,0,True,False,0,False,False,False,True,0,True,False,0
6919,0,102664,467,25980,20,0,False,True,0,False,False,False,True,0,False,True,0
4694,4,178776,480,24739,10,0,True,False,0,False,False,False,False,0,False,True,0
2746,1,24257,441,15649,30,0,False,False,0,False,False,True,False,0,True,False,0
6432,1,121162,391,33808,5,0,True,False,0,False,True,False,False,0,False,False,0
2134,3,104087,734,32982,5,0,True,False,0,False,False,True,False,0,True,False,1
7239,3,177616,433,22724,20,0,True,False,0,False,True,False,False,0,False,False,0
3027,4,77152,705,10983,15,0,False,False,0,False,False,False,False,0,False,True,1
2305,0,169984,600,26081,30,0,False,False,0,False,False,False,False,0,False,True,0
6168,3,101572,806,35626,20,0,False,False,0,False,False,False,True,0,False,True,1
8126,3,146543,599,47759,15,0,True,False,0,False,False,False,True,0,True,False,0
7934,1,54453,711,41092,20,0,False,False,0,False,False,False,True,0,False,True,0
8534,0,136795,465,38441,5,0,True,False,0,False,False,False,False,0,False,False,0
6124,0,187646,331,30365,10,0,True,False,0,False,False,False,True,0,True,False,0
1758,0,80025,794,16889,25,0,False,False,0,False,False,False,False,0,True,False,1
4252,2,140618,609,14538,25,0,True,False,0,False,False,False,True,0,False,False,0
5429,1,23604,407,20706,5,0,False,False,0,True,False,False,False,0,True,False,0
6847,4,173874,542,9733,5,0,False,False,0,True,False,False,False,0,False,True,0
8836,2,161337,673,18201,25,0,False,False,0,False,False,False,False,0,True,False,0
3835,0,232777,666,9149,5,0,False,False,0,False,False,False,True,0,False,False,0
5146,1,215259,319,27466,30,0,True,False,0,False,False,False,True,0,False,False,0
5617,3,103156,437,48817,10,0,False,False,0,False,False,True,False,0,False,False,0
6426,3,76118,349,16097,30,0,False,True,0,False,False,False,True,0,True,False,0
8190,0,196496,499,12381,5,0,False,True,0,False,False,False,True,0,False,False,0
4122,1,185950,808,37706,15,0,False,True,0,False,False,False,True,0,False,False,1
5341,4,229283,693,49678,15,0,True,False,0,False,False,False,True,0,False,True,0
7437,4,69691,470,18622,25,0,False,True,0,True,False,False,False,0,False,False,0
3861,1,194855,801,25196,15,0,False,False,0,False,False,False,True,0,False,False,1
4787,0,183160,737,18865,20,0,True,False,0,False,False,True,False,0,True,False,1
1041,3,114043,489,42218,30,0,True,False,0,False,False,False,True,0,True,False,0
5813,4,48170,619,18734,20,0,True,False,0,False,False,True,False,0,False,True,0
6179,4,232993,346,23616,25,0,False,True,0,True,False,False,False,0,False,False,0
6984,4,215534,510,37558,20,0,True,False,0,False,False,False,True,0,True,False,0
4441,0,151480,308,34214,25,0,False,False,0,False,True,False,False,0,False,True,0
3038,4,142614,315,28090,20,0,False,False,0,False,False,False,True,0,True,False,0
6372,0,67288,733,20374,15,0,True,False,0,False,False,False,False,0,False,True,1
3310,1,230067,657,45488,25,0,True,False,0,False,False,False,False,0,False,False,0
2707,0,121610,688,11673,5,0,False,True,0,False,False,False,True,0,True,False,0
5726,2,74578,527,4258,30,0,False,True,0,True,False,False,False,0,False,True,0
1588,2,68872,682,5345,20,0,False,False,0,False,False,False,False,0,False,True,0
5575,4,21780,338,29127,25,0,False,False,0,False,False,True,False,0,False,True,0
4107,3,103231,544,35500,5,0,False,True,0,True,False,False,False,0,False,False,0
2597,2,146208,463,41658,30,0,True,False,0,False,True,False,False,0,False,True,0
4682,3,23834,664,23904,15,0,False,True,0,False,False,False,True,0,False,True,0
8968,1,207951,768,27442,20,0,True,False,0,True,False,False,False,0,False,True,1
7618,3,194289,422,37918,15,0,False,True,0,False,False,True,False,0,False,False,0
2272,0,115009,446,6361,5,0,False,False,0,False,False,True,False,0,False,True,0
8306,4,106549,525,41478,5,0,False,False,0,False,False,False,True,0,True,False,0
4936,3,222527,648,45560,20,0,False,False,0,False,False,False,True,0,False,True,0
1947,1,199705,485,17807,20,0,False,False,0,False,False,False,True,0,False,False,0
7571,2,139948,711,17889,5,0,False,False,0,False,False,False,True,0,True,False,1
1764,2,86820,656,33648,30,0,False,False,0,False,False,False,False,0,True,False,0
5632,4,125319,349,49011,30,0,False,True,0,True,False,False,False,0,True,False,0
8702,2,247584,831,36768,15,0,True,False,0,False,False,False,True,0,False,False,1
4537,3,241217,516,35866,30,0,False,True,0,True,False,False,False,0,False,True,0
5554,2,207513,675,21695,15,0,True,False,0,False,False,True,False,0,True,False,0
5209,0,92597,630,12584,20,0,False,False,0,False,False,False,True,0,False,True,0
6334,2,199703,759,44308,15,0,False,True,0,False,False,False,False,0,True,False,1
3901,1,220482,829,10410,20,0,True,False,0,False,False,False,True,0,False,False,1
4874,1,209799,546,34921,5,0,False,False,0,False,False,True,False,0,False,False,0
1878,1,41657,396,32639,25,0,False,True,0,False,False,False,True,0,False,False,0
3249,4,141102,447,31564,20,0,False,True,0,False,False,True,False,0,False,True,0
1300,1,65296,542,6820,10,0,True,False,0,False,False,True,False,0,True,False,0
4735,2,86485,454,21536,20,0,False,False,0,True,False,False,False,0,False,False,0
1177,0,125316,654,3061,20,0,True,False,0,True,False,False,False,0,False,True,0
4861,0,135180,783,22399,20,0,False,False,0,False,False,False,True,0,False,True,1
3852,3,93111,584,41530,25,0,True,False,0,False,False,False,True,0,True,False,0
8374,2,92983,436,28641,5,0,False,True,0,False,False,False,True,0,True,False,0
8849,4,156241,602,14709,20,0,False,True,0,False,False,True,False,0,False,True,0
1305,4,244478,581,31297,15,0,False,True,0,False,False,False,True,0,False,True,0
6308,2,94716,408,5656,20,0,True,False,0,False,False,False,True,0,False,False,0
4146,4,219373,649,3354,5,0,True,False,0,False,False,False,False,0,False,True,0
4554,4,92067,366,30384,15,0,False,True,0,False,True,False,False,0,False,True,0
3733,0,20724,303,49432,20,0,False,False,0,False,True,False,False,0,False,True,0
6215,0,83783,679,27594,25,0,False,False,0,False,False,True,False,0,False,False,0
2796,3,137901,802,42272,30,0,False,False,0,False,False,True,False,0,False,False,1
8092,1,70731,451,3403,15,0,True,False,0,False,False,False,True,0,True,False,0
3032,4,237108,592,13872,15,0,False,True,0,False,False,False,True,0,False,True,0
2661,3,225999,320,30348,25,0,True,False,0,False,False,False,False,0,False,True,0
7446,3,110468,600,41042,20,0,False,True,0,False,True,False,False,0,False,False,0
1903,1,29190,513,43515,30,0,False,False,0,False,False,False,True,0,False,False,0
6882,1,224290,528,13943,5,0,False,False,0,False,False,False,True,0,False,True,0
4555,4,98881,374,25827,20,0,False,False,0,False,False,False,False,0,False,False,0
8595,2,69880,317,32833,5,0,False,True,0,False,False,False,True,0,False,False,0
4776,1,186796,763,19542,5,0,True,False,0,True,False,False,False,0,False,False,1
8122,3,51906,414,11767,30,0,False,True,0,True,False,False,False,0,True,False,0
4277,4,38089,550,49243,25,0,False,True,0,False,False,True,False,0,True,False,0
4406,0,64046,446,30337,20,0,False,True,0,False,False,False,True,0,False,True,0
6672,2,84213,441,47457,20,0,True,False,0,False,False,False,False,0,True,False,0
8844,4,141418,720,11988,30,0,True,False,0,False,True,False,False,0,True,False,1
8713,4,202673,452,48770,10,0,True,False,0,False,True,False,False,0,False,False,0
1821,2,149070,380,28168,5,0,False,False,0,False,True,False,False,0,False,False,0
2103,3,210232,662,7213,5,0,False,False,0,False,False,False,False,0,False,True,0
5415,0,128862,340,21581,30,0,False,False,0,False,False,True,False,0,False,False,0
8429,2,249665,546,9178,15,0,False,False,0,False,True,False,False,0,True,False,0
6455,0,118936,586,13412,20,0,False,False,0,True,False,False,False,0,False,False,0
1240,2,196353,488,5688,15,0,False,True,0,False,False,True,False,0,False,False,0
2197,4,90433,595,40112,30,0,False,True,0,False,True,False,False,0,False,False,0
3418,2,151521,481,17516,25,0,True,False,0,False,True,False,False,0,True,False,0
2538,1,212805,713,27908,10,0,False,False,0,True,False,False,False,0,True,False,1
2853,3,65177,683,8298,15,0,False,True,0,True,False,False,False,0,True,False,0
1804,3,126992,494,44120,5,0,False,False,0,True,False,False,False,0,False,True,0
6326,2,165602,348,12008,10,0,False,True,0,False,True,False,False,0,False,False,0
1839,1,233529,648,33071,10,0,False,True,0,True,False,False,False,0,True,False,0
2372,0,93015,660,16847,30,0,True,False,0,False,False,False,True,0,False,True,0
4559,1,138583,642,18411,5,0,False,True,0,False,False,False,False,0,False,True,0
4660,4,124231,744,46823,10,0,False,False,0,True,False,False,False,0,False,False,1
2289,0,119761,668,30966,20,0,False,True,0,False,False,False,True,0,False,True,0
4043,1,122705,808,47003,30,0,False,True,0,False,False,False,False,0,False,False,1
8679,1,171674,551,32967,15,0,False,True,0,False,False,False,True,0,True,False,0
6943,4,224286,739,35875,5,0,False,True,0,False,False,False,False,0,False,True,1
2981,3,212291,557,9988,15,0,False,True,0,False,False,False,True,0,False,True,0
3969,3,42897,416,29271,30,0,True,False,0,False,False,False,True,0,False,False,0
6630,0,161288,462,36287,5,0,True,False,0,False,True,False,False,0,False,False,0
7804,2,63208,665,17909,10,0,True,False,0,True,False,False,False,0,True,False,0
1735,4,21161,759,27442,30,0,False,False,0,False,False,True,False,0,False,True,1
1365,4,193179,316,23691,25,0,True,False,0,False,False,False,False,0,True,False,0
4185,3,196645,805,33676,5,0,True,False,0,False,False,False,False,0,False,False,1
5411,3,167118,754,30788,20,0,False,False,0,False,False,False,False,0,True,False,1
1501,1,65508,725,31251,10,0,False,True,0,False,False,True,False,0,True,False,1
1126,3,114791,738,37925,15,0,True,False,0,False,False,True,False,0,False,False,1
7201,2,59382,391,19610,15,0,False,True,0,False,True,False,False,0,False,True,0
3902,3,216893,803,36760,15,0,False,True,0,False,False,False,False,0,False,False,1
5886,0,45800,636,4041,15,0,False,False,0,True,False,False,False,0,False,True,0
6821,2,89426,532,46612,10,0,True,False,0,False,False,False,True,0,False,True,0
2479,4,59111,344,18655,20,0,True,False,0,False,False,True,False,0,False,False,0
4759,3,153605,698,34808,5,0,False,False,0,True,False,False,False,0,True,False,1
2971,0,169938,679,3785,5,0,False,False,0,False,True,False,False,0,True,False,0
3556,1,173965,359,10296,30,0,False,True,0,False,False,False,True,0,False,True,0
7918,0,70280,534,29490,20,0,True,False,0,False,False,True,False,0,True,False,0
8490,4,168126,707,29312,15,0,False,False,0,False,False,False,False,0,False,True,1
5892,1,232198,840,35865,5,0,False,True,0,False,False,True,False,0,True,False,1
2123,1,35155,753,28167,5,0,True,False,0,True,False,False,False,0,False,False,1
1826,1,150525,520,5664,20,0,False,False,0,False,False,False,True,0,True,False,0
3498,1,194433,604,38325,5,0,False,True,0,False,True,False,False,0,False,False,0
7249,1,52212,365,45671,10,0,False,True,0,True,False,False,False,0,True,False,0
2908,1,187560,444,31885,5,0,True,False,0,True,False,False,False,0,False,False,0
6486,0,74251,667,20277,20,0,True,False,0,False,False,False,False,0,False,False,0
4381,2,30650,417,14226,30,0,True,False,0,True,False,False,False,0,False,False,0
7073,0,226467,508,39305,5,0,False,True,0,True,False,False,False,0,True,False,0
7097,4,21830,664,28772,10,0,False,True,0,False,False,False,False,0,True,False,0
1177,4,243745,546,10587,5,0,True,False,0,True,False,False,False,0,False,True,0
6245,2,156456,599,48977,5,0,False,True,0,False,False,False,True,0,False,False,0
5777,3,214286,805,44793,10,0,True,False,0,False,False,False,True,0,True,False,1
7754,0,165705,590,38165,25,0,False,False,0,False,False,True,False,0,False,True,0
6615,2,238073,679,41251,20,0,False,False,0,True,False,False,False,0,False,False,0
5957,4,96762,375,43290,20,0,False,True,0,False,False,False,False,0,False,False,0
8037,3,56676,478,35915,20,0,False,True,0,True,False,False,False,0,False,True,0
4216,2,202200,540,8472,30,0,False,True,0,False,False,False,False,0,False,False,0
8577,2,92719,636,11584,5,0,True,False,0,False,True,False,False,0,False,False,0
7436,2,176094,650,46432,30,0,True,False,0,False,False,False,True,0,False,False,0
5477,0,92201,546,3228,20,0,False,True,0,False,False,False,True,0,False,False,0
1303,3,107944,459,43261,20,0,False,True,0,False,False,False,True,0,False,True,0
2293,2,110941,435,4257,30,0,False,False,0,False,False,True,False,0,True,False,0
8724,2,140333,324,46203,25,0,True,False,0,False,True,False,False,0,True,False,0
7904,1,229531,810,9994,5,0,True,False,0,True,False,False,False,0,False,True,1
1537,3,185290,752,25392,25,0,False,True,0,False,False,False,True,0,False,True,1
5914,4,198818,310,27842,30,0,True,False,0,False,False,True,False,0,False,False,0
7423,0,66465,620,48823,20,0,False,True,0,False,False,True,False,0,True,False,0
4570,3,108358,344,31140,10,0,False,False,0,False,False,True,False,0,False,False,0
4300,0,70400,425,20356,20,0,False,False,0,False,False,False,True,0,False,True,0
6386,4,54496,539,21547,5,0,True,False,0,False,True,False,False,0,False,False,0
3547,4,176967,647,39876,5,0,False,True,0,False,False,True,False,0,False,True,0
6486,3,41351,735,35660,30,0,False,False,0,False,True,False,False,0,True,False,1
7129,3,93507,536,26291,25,0,True,False,0,False,True,False,False,0,False,False,0
4025,0,214545,410,33486,5,0,True,False,0,True,False,False,False,0,False,True,0
8192,0,155659,828,3763,5,0,False,True,0,False,False,True,False,0,True,False,1
4362,0,42012,824,21227,15,0,False,True,0,False,False,True,False,0,False,False,1
2808,3,121459,618,24334,5,0,False,False,0,False,True,False,False,0,False,True,0
1613,4,147501,736,44382,30,0,False,True,0,False,False,False,False,0,False,False,1
8546,4,75146,669,28695,25,0,False,True,0,False,True,False,False,0,False,True,0
2403,3,156183,433,18937,25,0,True,False,0,False,False,False,True,0,False,True,0
5417,0,229700,743,27608,5,0,False,True,0,False,True,False,False,0,True,False,1
2851,4,211455,717,45314,30,0,False,False,0,False,True,False,False,0,False,False,1
6999,4,158922,573,20868,20,0,True,False,0,False,False,False,True,0,True,False,0
1562,1,111850,809,21934,5,0,False,False,0,False,False,True,False,0,True,False,1
5580,2,171106,547,14260,30,0,False,False,0,False,True,False,False,0,True,False,0
1333,4,160694,479,18809,25,0,True,False,0,False,True,False,False,0,True,False,0
5440,4,113631,435,31775,10,0,False,True,0,False,False,True,False,0,False,True,0
7571,4,210509,471,8289,10,0,True,False,0,False,False,False,False,0,True,False,0
3013,0,115921,387,14193,15,0,False,True,0,False,False,False,True,0,False,False,0
4025,2,153822,640,24681,5,0,True,False,0,False,False,False,False,0,False,True,0
7462,3,47714,718,5670,5,0,False,False,0,True,False,False,False,0,False,False,1
2860,4,153579,747,44285,10,0,False,True,0,False,False,False,True,0,False,True,1
1556,3,63312,832,43330,30,0,False,True,0,False,False,False,False,0,False,False,1
8776,4,201325,642,11748,25,0,False,True,0,False,True,False,False,0,False,True,0
4106,2,175503,780,37936,30,0,False,True,0,False,False,True,False,0,True,False,1
7567,0,224384,801,30203,10,0,False,False,0,False,False,False,False,0,False,False,1
4908,0,91848,720,12533,20,0,True,False,0,False,False,False,False,0,True,False,1
7818,4,149538,638,16337,5,0,False,False,0,False,False,True,False,0,False,False,0
3543,3,195168,478,29491,25,0,False,False,0,False,False,False,True,0,False,True,0
1570,3,111950,448,33856,15,0,False,False,0,False,False,False,False,0,True,False,0
7970,1,36490,461,24952,20,0,False,False,0,False,True,False,False,0,False,False,0
2159,1,43126,430,39888,10,0,False,True,0,True,False,False,False,0,False,False,0
8741,0,151733,357,8082,15,0,False,True,0,False,False,False,False,0,False,False,0
3191,0,36758,423,24414,5,0,True,False,0,False,False,False,True,0,False,False,0
5059,3,220210,485,49097,20,0,False,True,0,False,False,True,False,0,False,True,0
1354,0,52631,326,43531,10,0,False,True,0,False,False,False,False,0,True,False,0
4655,4,81752,831,16924,5,0,False,False,0,False,False,True,False,0,True,False,1
5262,2,62338,573,41731,25,0,False,False,0,False,False,False,False,0,False,True,0
8813,2,167352,741,9416,10,0,False,False,0,False,False,True,False,0,False,True,1
7595,1,224305,825,37972,25,0,False,True,0,False,False,True,False,0,False,False,1
5789,0,151148,518,12259,30,0,False,False,0,True,False,False,False,0,True,False,0
7430,3,71729,797,17730,15,0,True,False,0,False,False,False,True,0,False,True,1
1233,1,98878,354,48725,30,0,True,False,0,False,False,True,False,0,False,True,0
5658,4,86432,456,33528,30,0,False,True,0,False,False,False,False,0,False,False,0
8052,1,91322,588,35578,15,0,False,True,0,False,False,False,True,0,False,True,0
1731,1,239232,748,19241,25,0,False,True,0,True,False,False,False,0,True,False,1
6491,0,198397,304,39404,5,0,True,False,0,True,False,False,False,0,True,False,0
5246,0,168015,442,15250,30,0,False,True,0,False,False,False,False,0,True,False,0
6826,2,247289,610,49503,5,0,False,False,0,False,False,False,True,0,False,True,0
2818,0,31876,790,24037,5,0,False,False,0,False,True,False,False,0,False,True,1
2951,4,213422,585,16740,15,0,True,False,0,False,False,False,True,0,True,False,0
7137,3,58664,723,12953,20,0,False,False,0,True,False,False,False,0,False,True,1
7049,1,74957,833,17304,20,0,False,False,0,False,False,True,False,0,False,False,1
2144,1,94518,614,33868,25,0,True,False,0,False,False,False,True,0,False,True,0
7294,4,32574,668,36607,5,0,True,False,0,False,False,False,True,0,False,False,0
2892,2,129311,502,17721,15,0,False,True,0,True,False,False,False,0,False,True,0
7589,0,239079,711,3089,5,0,False,True,0,True,False,False,False,0,True,False,1
1274,2,202176,571,28936,30,0,False,False,0,False,True,False,False,0,False,False,0
4578,1,82766,461,25642,5,0,False,True,0,False,True,False,False,0,False,True,0
8378,1,43766,741,22304,30,0,True,False,0,False,False,False,False,0,False,True,1
6545,4,185927,606,31009,5,0,True,False,0,False,False,False,False,0,False,False,0
1681,0,83294,706,28517,20,0,False,True,0,False,False,False,False,0,False,True,1
8477,2,30043,819,20214,25,0,False,False,0,False,False,False,True,0,False,False,1
2339,2,53956,695,12259,25,0,False,False,0,False,True,False,False,0,False,False,0
6422,2,219777,500,35047,20,0,False,True,0,False,False,False,False,0,True,False,0
4470,1,216298,567,9611,5,0,False,False,0,False,False,False,True,0,True,False,0
2512,3,180904,567,43763,15,0,False,False,0,True,False,False,False,0,False,True,0
6599,0,236656,847,8961,15,0,False,False,0,False,False,False,False,0,True,False,1
1029,4,61382,322,14897,25,0,False,True,0,False,False,False,True,0,False,False,0
5223,0,169275,673,49216,25,0,False,True,0,False,False,True,False,0,False,False,0
2893,2,232762,420,45571,5,0,False,False,0,False,False,False,False,0,False,False,0
7459,2,81255,335,3770,20,0,True,False,0,False,True,False,False,0,False,False,0
6412,4,26666,591,40615,25,0,False,True,0,False,True,False,False,0,True,False,0
1967,2,47936,384,21590,10,0,False,False,0,True,False,False,False,0,False,True,0
4536,1,103247,438,12438,25,0,False,True,0,True,False,False,False,0,False,True,0
4222,1,43708,619,18037,20,0,False,False,0,False,True,False,False,0,True,False,0
3198,0,88671,542,44124,15,0,True,False,0,False,False,False,False,0,False,False,0
8737,2,71536,656,22738,20,0,False,False,0,False,False,False,False,0,True,False,0
4665,3,52146,496,35109,30,0,False,True,0,False,False,False,True,0,False,False,0
6026,3,74975,416,27432,20,0,False,True,0,False,False,True,False,0,False,False,0
7765,4,118929,321,15160,15,0,False,False,0,True,False,False,False,0,False,True,0
7821,4,24823,781,46808,10,0,True,False,0,False,True,False,False,0,False,False,1
8640,1,124676,818,26125,20,0,False,False,0,False,False,False,False,0,False,False,1
1003,2,99483,441,20225,20,0,False,False,0,True,False,False,False,0,False,False,0
7646,2,191871,457,18466,10,0,True,False,0,False,False,False,True,0,True,False,0
5331,2,36047,793,7120,5,0,False,False,0,False,True,False,False,0,False,True,1
5274,1,241452,510,21487,15,0,False,False,0,True,False,False,False,0,False,False,0
2870,2,174448,488,28856,15,0,True,False,0,False,True,False,False,0,True,False,0
5984,3,128678,837,11443,30,0,True,False,0,False,False,False,True,0,False,False,1
2952,4,150852,623,13033,20,0,True,False,0,False,True,False,False,0,False,False,0
5851,3,169952,686,12090,30,0,False,False,0,False,False,False,False,0,True,False,0
6110,4,58412,369,35306,10,0,False,False,0,False,False,False,False,0,False,True,0
4792,1,213893,687,9612,10,0,False,True,0,True,False,False,False,0,False,False,0
7962,2,176675,480,24720,20,0,True,False,0,False,False,False,False,0,True,False,0
5451,2,181953,691,7502,5,0,True,False,0,False,False,False,True,0,False,False,1
2928,2,52964,360,46642,30,0,False,True,0,False,False,True,False,0,True,False,0
8294,1,92650,800,34545,30,0,False,False,0,False,False,True,False,0,False,True,1
1819,3,149629,834,5835,30,0,False,True,0,False,False,True,False,0,False,False,1
7039,2,136405,704,33934,20,0,False,False,0,False,False,False,True,0,False,True,0
1251,2,194761,602,49267,5,0,False,False,0,False,False,False,True,0,False,True,0
6859,0,80014,317,9321,10,0,False,False,0,False,False,False,False,0,True,False,0
1420,0,65705,597,41362,5,0,True,False,0,False,False,False,True,0,False,True,0
3669,0,32158,328,21286,10,0,True,False,0,False,True,False,False,0,True,False,0
7809,2,102914,308,48324,15,0,False,False,0,False,False,True,False,0,True,False,0
1081,4,32067,408,39674,15,0,True,False,0,False,True,False,False,0,False,True,0
6826,4,243592,745,42568,10,0,False,True,0,False,False,True,False,0,True,False,1
5413,0,29638,589,29620,20,0,False,True,0,False,False,True,False,0,False,True,0
6260,4,78695,644,4129,20,0,True,False,0,False,False,True,False,0,False,True,0
2665,1,52759,800,25459,10,0,False,False,0,False,False,True,False,0,False,True,1
1976,3,200529,737,10671,10,0,True,False,0,False,False,False,True,0,False,False,1
1085,3,119068,599,34562,20,0,False,False,0,False,True,False,False,0,False,False,0
4712,4,189277,519,44575,10,0,False,False,0,False,False,False,True,0,True,False,0
8344,1,140373,562,48500,30,0,True,False,0,False,False,False,True,0,False,False,0
4565,2,56615,511,9831,30,0,False,True,0,False,False,False,False,0,False,True,0
4796,4,197989,825,26785,15,0,True,False,0,False,False,True,False,0,False,True,1
5460,4,221888,382,9473,20,0,False,False,0,False,False,True,False,0,False,True,0
5177,1,163963,415,19367,5,0,True,False,0,False,False,True,False,0,False,True,0
8198,4,179099,789,10809,30,0,True,False,0,False,False,False,True,0,True,False,1
4584,1,145667,838,34253,20,0,False,True,0,False,False,False,True,0,False,True,1
1149,0,204920,615,5356,20,0,False,False,0,True,False,False,False,0,False,True,0
3115,0,36337,388,25730,15,0,False,False,0,True,False,False,False,0,False,True,0
3233,4,85348,524,41478,5,0,True,False,0,False,False,False,True,0,True,False,0
7541,0,157614,369,40360,20,0,False,False,0,False,True,False,False,0,True,False,0
7339,2,178652,415,17209,25,0,False,True,0,False,False,False,True,0,False,True,0
3124,0,44285,834,16329,5,0,False,True,0,False,False,False,True,0,True,False,1
8995,0,121116,576,23467,25,0,False,True,0,True,False,False,False,0,False,True,0
7091,0,32835,833,46836,5,0,False,True,0,False,False,False,True,0,False,True,1
6402,0,205998,479,38042,20,0,False,False,0,False,True,False,False,0,False,False,0
3161,0,127046,304,4445,20,0,False,True,0,True,False,False,False,0,False,True,0
3162,0,202734,694,25423,5,0,False,True,0,False,False,True,False,0,True,False,1
7133,4,59546,820,40044,20,0,False,False,0,False,False,False,False,0,False,True,1
1566,4,183043,672,9013,30,0,False,False,0,False,False,True,False,0,False,True,0
7419,4,68458,436,27816,5,0,False,True,0,False,False,False,True,0,False,True,0
2472,4,88122,384,22255,20,0,False,False,0,False,False,True,False,0,False,True,0
4982,4,238070,611,37515,10,0,False,True,0,False,False,False,True,0,True,False,0
7750,4,29427,455,10861,15,0,True,False,0,True,False,False,False,0,True,False,0
2519,1,22198,398,11208,10,0,False,True,0,False,True,False,False,0,False,True,0
4130,3,165068,716,48665,5,0,False,True,0,False,False,False,False,0,False,False,1
3270,2,59348,381,38258,20,0,False,True,0,True,False,False,False,0,True,False,0
5252,1,160911,576,5401,30,0,False,True,0,False,False,False,False,0,False,True,0
7017,0,167422,483,43370,10,0,True,False,0,False,False,False,True,0,False,False,0
1115,3,25486,376,16708,30,0,False,False,0,False,False,True,False,0,False,False,0
4079,4,138107,762,47940,25,0,False,False,0,True,False,False,False,0,True,False,1
4676,2,101796,650,21307,20,0,False,True,0,False,False,False,True,0,True,False,0
2544,3,143137,598,16121,25,0,False,False,0,False,False,False,False,0,True,False,0
8130,0,148952,752,33541,20,0,False,False,0,False,False,False,True,0,False,True,1
2030,4,81159,754,47427,5,0,False,False,0,False,False,True,False,0,True,False,1
